Disease,Plant,Causal_Organism,Organic_Treatment_1,Organic_Treatment_2,Organic_Treatment_3,Organic_Treatment_4,Chemical_Treatment_1,Chemical_Treatment_2,Chemical_Treatment_3,Chemical_Treatment_4,Source
Adristyrannus,Multiple crops,Adristyrannus sp. (Hemiptera),Neem oil 5ml/L spray,NSKE 5% spray,Sticky yellow traps,Release natural predators,"Acephate, Malathion, Permethrin",Malathion 50EC @ 2ml/L,Permethrin 25EC @ 1ml/L,Chlorpyrifos 20EC @ 2ml/L,ICAR/TNAU
Aleurocanthus spiniferus,Citrus / Mango,Aleurocanthus spiniferus (Spiny whitefly),Neem oil 5ml/L spray,Yellow sticky traps 10/ha,NSKE 5% spray,Release Encarsia parasitoid,"Imidacloprid, Acetamiprid, Chlorpyrifos",Acetamiprid 20SP @ 0.5g/L,Chlorpyrifos 20EC @ 2ml/L,Thiamethoxam 25WG @ 0.3g/L,TNAU/ICAR
alfalfa plant bug,Alfalfa / Legumes,Adelphocoris lineolatus (Miridae),Neem oil 5ml/L spray,NSKE 5% spray,Crop rotation,Release predatory bugs,"Imidacloprid, Lambda-cyhalothrin, Chlorpyrifos",Lambda-cyhalothrin 5EC @ 1ml/L,Chlorpyrifos 20EC @ 2ml/L,Dimethoate 30EC @ 2ml/L,ICAR/TNAU
alfalfa seed chalcid,Alfalfa,Bruchophagus roddi (Chalcid wasp),Neem oil 5ml/L spray,Azadirachtin 0.03% spray,Crop rotation,Early harvest to reduce infestation,"Azadirachtin, Imidacloprid, Spinosad",Imidacloprid 17.8SL @ 0.5ml/L,Spinosad 45SC @ 0.5ml/L,Chlorpyrifos 20EC @ 2ml/L,ICAR/TNAU
alfalfa weevil,Alfalfa / Fodder crops,Hypera postica (Curculionidae),Neem oil 5ml/L spray,NSKE 5% spray,Early cutting of crop,Release Bathyplectes parasitoid,"Chlorpyrifos, Cyfluthrin, Carbaryl",Cyfluthrin 25WP @ 1g/L,Carbaryl 50WP @ 2g/L,Dimethoate 30EC @ 2ml/L,ICAR/TNAU
Algal Leaf Spot,Jackfruit,Cephaleuros virescens,Neem oil 5ml/L spray (ICAR),Bordeaux mixture 1% (copper sulfate + lime),Remove and burn infected leaves,Improve drainage and air circulation,Copper oxychloride 50WP @ 3g/L (TNAU),Mancozeb 75WP @ 2.5g/L,Copper hydroxide 77WP @ 2g/L,Ziram 76WG @ 2ml/L,TNAU Agritech / ICAR
Ampelophaga,Grape / Mulberry,Ampelophaga rubiginosa (Hawk moth),Neem oil 5ml/L spray,BT (Bacillus thuringiensis) 1kg/ha,Hand picking of larvae,Light traps 2-3/ha,"Chlorpyrifos, Methoxyfenozide, Spinosad",Methoxyfenozide 240SC @ 1ml/L,Spinosad 45SC @ 0.5ml/L,Chlorpyrifos 20EC @ 2ml/L,TNAU/ICAR
Anthracnose,Mango,Colletotrichum gloeosporioides,Pseudomonas fluorescens @ 5ml/L (ICAR-IIHR),Neem oil 5ml/L spray,Trichoderma viride @ 5g/L,Bordeaux mixture 0.5%,Trifloxystrobin 25WG + Tebuconazole 50WG @ 0.04% (Indian Phytopathology 2019),Propiconazole 25EC @ 1ml/L,Azoxystrobin 25EC @ 0.025% (TNAU Fungicide PDF),Carbendazim 50WP @ 1g/L; UPL Saaf 1.5g/L water,TNAU/ICAR/Indian Phytopathology
Aphids,Cotton,Aphis gossypii / Myzus persicae,Neem seed kernel extract (NSKE) 5% spray,Neem oil 5ml/L (ICAR),Beauveria bassiana 1WP @ 3kg/ha (TNAU),Release ladybird beetles (natural predators),Dimethoate 30EC @ 2ml/L (TNAU crop list),Imidacloprid 17.8SL @ 0.5ml/L,Thiamethoxam 25WG @ 0.3g/L,Acetamiprid 20SP @ 0.5g/L (TNAU),TNAU Pesticide crop-based PDF
Aphis citricola Vander Goot,Citrus / Apple,Aphis citricola (Citrus aphid),Neem oil 5ml/L spray,NSKE 5% spray,Release ladybird beetles,Soap water spray 10g/L,"Imidacloprid, Thiacloprid, Thiamethoxam",Thiacloprid 21.7SC @ 0.5ml/L,Thiamethoxam 25WG @ 0.3g/L,Chlorpyrifos 20EC @ 2ml/L,TNAU/ICAR
Apolygus lucorum,Cotton / Vegetables,Apolygus lucorum (Green plant bug - Miridae),Neem oil 5ml/L spray,NSKE 5% spray,Sticky traps,Remove weed hosts,"Lambda-cyhalothrin, Chlorpyrifos, Imidacloprid",Chlorpyrifos 20EC @ 2ml/L,Imidacloprid 17.8SL @ 0.5ml/L,Dimethoate 30EC @ 2ml/L,TNAU/ICAR
Apple Scab,Apple,Venturia inaequalis,Bordeaux mixture 1% (copper sulfate + lime),Wettable sulfur 80WP @ 3g/L,Neem oil spray 5ml/L,Remove and destroy fallen infected leaves,Captan 50WP @ 2.5kg/ha [TNAU Fungicide PDF],Captan 75WP @ 1.67kg/ha,Myclobutanil 10WP @ 1g/L,Difenoconazole 25EC @ 0.015% (TNAU Fungicide PDF),TNAU Fungicide Registration PDF
army worm,Maize / Rice / Wheat / Vegetables,Spodoptera frugiperda / Mythimna separata (Lepidoptera),BT (Bacillus thuringiensis) 1kg/ha spray,NPV virus 250LE/ha spray,Light traps 2-3/ha,Pheromone traps 10-12/ha,"Chlorpyrifos, Lambda-cyhalothrin, Bifenthrin",Lambda-cyhalothrin 5EC @ 1ml/L,Bifenthrin 10EC @ 1ml/L,Emamectin benzoate 5SG @ 0.4g/L,TNAU/ICAR
asiatic rice borer,Rice,Chilo suppressalis (Pyralidae),Neem oil 5ml/L spray,Trichogramma egg parasitoid release 50000/ha,Light traps 2/ha,BT spray 1kg/ha,"Emamectin benzoate, Fipronil, Chlorantraniliprole",Fipronil 5SC @ 1ml/L,Chlorantraniliprole 18.5SC @ 0.3ml/L,Carbofuran 3G @ 33kg/ha soil,TNAU/ICAR
Bacterial Blight,Cotton,Xanthomonas axonopodis pv. malvacearum,Hot water seed treatment 52°C for 30 min,Bordeaux mixture 1% (copper-based),Pseudomonas fluorescens 5g/kg seed treatment (ICAR),Neem cake @ 500kg/ha soil application,Streptomycin sulfate 90SP @ 0.5g/L (ICAR),Copper oxychloride 50WP @ 3g/L (TNAU),Kasugamycin 3SL @ 2ml/L,Carboxin 75WP seed treatment @ 2.5g/kg seed (TNAU),TNAU Fungicide PDF / ICAR
Bacterial Canker,Mango,Xanthomonas campestris pv. mangiferaeindicae,Bordeaux mixture 1% spray,Copper hydroxide paste on pruning cuts,Prune 15cm below infected area; burn prunings,Trichoderma viride soil drench,Copper oxychloride 50WP @ 3g/L (TNAU),Streptomycin sulfate + Tetracycline @ 0.5g/L,Kasugamycin 3SL @ 2ml/L,Copper hydroxide 77WP @ 2g/L (TNAU Fungicide PDF),TNAU/ICAR
Bacterial Leaf Spot,Pumpkin,Pseudomonas syringae / Xanthomonas sp.,Copper Bordeaux mixture 1%,Neem oil 5ml/L spray,Remove and burn infected leaves,Crop rotation with non-host crops,Copper oxychloride 50WP @ 3g/L (TNAU),Streptomycin sulfate 90SP @ 0.5g/L,Mancozeb 75WP @ 2.5g/L,Kasugamycin 3SL @ 2ml/L,TNAU/ICAR
Bacterial Spot,Peach,Xanthomonas arboricola pv. pruni,Bordeaux mixture 1% during dormancy,Copper hydroxide spray,Remove and destroy infected plant material,Good orchard sanitation,Copper hydroxide 77WP @ 2g/L (TNAU Fungicide PDF),Oxytetracycline 200ppm @ 0.5g/L,Streptomycin sulfate 90SP @ 0.5g/L,Ziram 76WG @ 2ml/L,TNAU Fungicide PDF / ICAR
Bacterial Spot,Pepper (bell),Xanthomonas vesicatoria,Copper Bordeaux mixture 1%,Pseudomonas fluorescens 5ml/L spray (ICAR-IIHR),Seed treatment: hot water 50°C 25 min,Neem oil 5ml/L,Copper oxychloride 50WP @ 3g/L (TNAU),Mancozeb 75WP @ 2.5g/L,Kasugamycin 3SL @ 2ml/L,Streptomycin sulfate 90SP @ 0.5g/L,TNAU/ICAR-NCIPM
Bacterial Spot,Tomato,Xanthomonas campestris pv. vesicatoria,Pseudomonas fluorescens + Trichoderma harzianum @ 5g/L seedling dip (ICAR-NCIPM 2023),Copper Bordeaux mixture 1%,Neem cake @ 500kg/ha soil application,Trichoderma viride FYM enriched 2kg/t,Copper oxychloride 50WP @ 2.5g/L (ICAR seedling dip formula),Kasugamycin 3SL @ 2ml/L,Streptomycin + Tetracycline @ 0.5g/L,Thiamethoxam 25WG + Captan 75WP @ 1g/L seedling dip (ICAR-NCIPM),ICAR-NCIPM Indian Horticulture 2023
BacterialBlights,Sugarcane,Xanthomonas albilineans,Hot water sett treatment 50°C 2 hrs,Trichoderma viride @ 5g/L soil drench,Roguing of infected plants,Use certified disease-free setts,Copper oxychloride 50WP @ 3g/L (TNAU Expert System),Streptomycin sulfate @ 1g/L,Carbendazim 50WP @ 1g/L,Blitox (copper oxychloride) 50WP @ 2-3g/L,TNAU Expert System Sugarcane
Bactrocera tsuneonis,Citrus,Bactrocera tsuneonis (Citrus fruit fly),Methyl eugenol pheromone traps 25/ha,Protein bait traps,Neem oil 5ml/L spray,Collect and destroy fallen fruits,"Spinosad, Malathion, Dimethoate",Spinosad 45SC @ 0.5ml/L,Dimethoate 30EC @ 2ml/L,Malathion 50EC @ 2ml/L bait spray,TNAU/ICAR
beet army worm,Beet / Vegetables,Spodoptera exigua (Noctuidae),BT (Bacillus thuringiensis var. kurstaki) 1kg/ha,NPV spray 250LE/ha,Pheromone traps 10/ha,Light traps 2/ha,"Bacillus thuringiensis, Methoxyfenozide, Spinosad",Methoxyfenozide 240SC @ 1ml/L,Spinosad 45SC @ 0.5ml/L,Emamectin benzoate 5SG @ 0.4g/L,TNAU/ICAR
beet fly,Beet / Leafy vegetables,Pegomya hyoscyami (Agromyzidae leaf miner fly),Neem oil 5ml/L spray,Yellow sticky traps 10/ha,Remove and destroy mined leaves,Crop rotation,"Carbaryl, Methomyl, Dimethoate",Methomyl 40SP @ 1g/L,Dimethoate 30EC @ 2ml/L,Carbaryl 50WP @ 2g/L,TNAU/ICAR
Beet spot flies,Beet / Vegetables,Pegomya betae (Anthomyiidae),Neem oil 5ml/L spray,Yellow sticky traps,Remove mined leaves,Crop rotation,"Dimethoate, Chlorpyrifos, Carbaryl",Chlorpyrifos 20EC @ 2ml/L,Carbaryl 50WP @ 2g/L,Dimethoate 30EC @ 2ml/L,TNAU/ICAR
beet weevil,Beet / Root crops,Bothynoderes punctiventris (Curculionidae),Neem oil 5ml/L spray,NSKE 5% spray,Deep ploughing in summer,Crop rotation,"Chlorpyrifos, Carbaryl, Diazinon",Carbaryl 50WP @ 2g/L,Diazinon 50EC @ 2ml/L,Chlorpyrifos 20EC @ 2ml/L,TNAU/ICAR
beetle,Multiple crops,Various Coleoptera spp.,Neem oil 5ml/L spray,NSKE 5% spray,Hand picking of adults,Light traps 2/ha,"Imidacloprid, Carbaryl, Malathion, Cypermethrin",Carbaryl 50WP @ 2g/L,Malathion 50EC @ 2ml/L,Cypermethrin 25EC @ 1ml/L,TNAU/ICAR
bird cherry-oataphid,Wheat / Oat / Cereals,Rhopalosiphum padi (Aphididae),Neem oil 5ml/L spray,NSKE 5% spray,Release ladybird beetles,Soap water spray,"Imidacloprid, Thiamethoxam, Dinotefuran, Acetamiprid",Thiamethoxam 25WG @ 0.3g/L,Dinotefuran 20SG @ 0.3g/L,Acetamiprid 20SP @ 0.5g/L,TNAU/ICAR
black cutworm,Maize / Vegetables / Turf,Agrotis ipsilon (Noctuidae),BT (Bacillus thuringiensis) 1kg/ha,Neem oil 5ml/L spray,Light traps 2/ha,Deep summer ploughing,"Chlorantraniliprole, Flubendiamide, Emamectin benzoate",Flubendiamide 20WG @ 0.5g/L,Emamectin benzoate 5SG @ 0.4g/L,Chlorpyrifos 20EC @ 2ml/L soil drench,TNAU/ICAR
Black hairy,Multiple crops,Spilosoma obliqua / Amsacta moorei (Arctiidae),BT (Bacillus thuringiensis) 1kg/ha,Light traps 2/ha,Hand picking of egg masses,Neem oil 5ml/L spray,"Carbaryl, Malathion, Permethrin, Cyfluthrin",Malathion 50EC @ 2ml/L,Permethrin 25EC @ 1ml/L,Cyfluthrin 25WP @ 1g/L,TNAU/ICAR
Black Rot,Apple,Botryosphaeria obtusa,Bordeaux mixture 1% spray,Lime sulfur 1% dormant spray,Remove and destroy mummified fruit,Prune out cankered wood,Captan 50WP @ 2.5kg/ha [TNAU Fungicide PDF],Captan 75WP @ 1.67kg/ha,Myclobutanil 10WP @ 1g/L,Thiophanate-methyl 70WP @ 1g/L,TNAU Fungicide PDF
Black Rot,Cauliflower,Xanthomonas campestris pv. campestris,Hot water seed treatment 50°C 20 min,Trichoderma viride @ 5g/L seed treatment,Neem cake @ 250kg/ha (ICAR-NCIPM),Crop rotation with cereals,Copper oxychloride 50WP @ 3g/L (TNAU),Mancozeb 75WP @ 2g/L,Kasugamycin 3SL @ 2ml/L,Streptomycin sulfate 90SP @ 0.5g/L,TNAU/ICAR
Black Rot,Grape,Guignardia bidwellii,Bordeaux mixture 1%,Neem oil 5ml/L spray,Remove infected berries and mummified fruits,Sulfur dust application,Mancozeb 75WP @ 2.5g/L (TNAU Fungicide PDF),Captan 50WP @ 2.5kg/ha,Tebuconazole 25EC @ 1ml/L,Carbendazim 50WP @ 300g/ha (TNAU),TNAU Fungicide PDF
Black Spot,Jackfruit,Colletotrichum sp. / Phomopsis sp.,Neem oil 5ml/L spray,Bordeaux mixture 1%,Remove and burn infected fruits,Improve orchard drainage,Carbendazim 50WP @ 1g/L,Mancozeb 75WP @ 2.5g/L (TNAU),Copper oxychloride 50WP @ 3g/L,Azoxystrobin 23SC @ 0.1% (TNAU Fungicide PDF),TNAU Fungicide PDF
blister beetle,Vegetables / Legumes,Mylabris pustulata / Epicauta spp. (Meloidae),Hand picking of adults (wear gloves),Neem oil 5ml/L spray,Light traps 2/ha,NSKE 5% spray,"Carbaryl, Malathion, Pyrethrin, Permethrin",Malathion 50EC @ 2ml/L,Pyrethrin 5EC @ 1ml/L,Permethrin 25EC @ 1ml/L,TNAU/ICAR
bollworm,Cotton / Tomato / Chickpea,Helicoverpa armigera / Earias vittella (Noctuidae),HaNPV 250LE/ha spray,Trichogramma release 1.5 lakh/ha,BT 1kg/ha spray,Pheromone traps 10-12/ha,"Chlorantraniliprole, Emamectin benzoate, Spinosad, Indoxacarb",Emamectin benzoate 5SG @ 0.4g/L,Spinosad 45SC @ 0.5ml/L,Indoxacarb 14.5SC @ 1ml/L,TNAU/ICAR-NCIPM
Brevipoalpus lewisi McGregor,Grape / Citrus,Brevipalpus lewisi (Tenuipalpidae - flat mite),Neem oil 5ml/L spray,Sulfur dust 25kg/ha,Wettable sulfur 80WP @ 3g/L,Release predatory mites,"Abamectin, Bifenazate, Fenpyroximate, Spiromesifen",Bifenazate 43SC @ 1ml/L,Fenpyroximate 5EC @ 1ml/L,Spiromesifen 22.9SC @ 0.5ml/L,TNAU/ICAR
brown plant hopper,Rice,Nilaparvata lugens (Delphacidae),Neem oil 5ml/L spray,NSKE 5% spray,Maintain proper water management,Release Cyrtorhinus parasitoid,"Imidacloprid, Chlorpyrifos, Buprofezin, Thiamethoxam",Buprofezin 25SC @ 1ml/L,Thiamethoxam 25WG @ 0.3g/L,Chlorpyrifos 20EC @ 2ml/L,TNAU/ICAR Rice IPM
BrownSpot,Rice,Bipolaris oryzae (Helminthosporium oryzae),Silicon-based fertilizer application (ICAR TNAU),Trichoderma viride seed treatment 5g/kg,Neem cake @ 250kg/ha (ICAR),Pseudomonas fluorescens seed treatment (ICAR-NBAIM),Mancozeb 75WP @ 2.5g/L — EC50 value highly effective (Nature Sci Reports 2020),Carbendazim 50WP @ 1g/L (TNAU Fungicide PDF),Propiconazole 25EC @ 1ml/L,Fluopyram + Tebuconazole (Nativo) — best EC50 vs B.oryzae (Sci Reports 2020),TNAU/Nature Scientific Reports 2020
cabbage army worm,Cabbage / Crucifer crops,Mamestra brassicae (Noctuidae),BT (Bacillus thuringiensis var. kurstaki) 1kg/ha,NPV spray 250LE/ha,Hand picking of egg masses,Neem oil 5ml/L spray,"Bacillus thuringiensis, Spinosad, Methomyl, Chlorantraniliprole",Spinosad 45SC @ 0.5ml/L,Methomyl 40SP @ 1g/L,Chlorantraniliprole 18.5SC @ 0.3ml/L,TNAU/ICAR
Cedar Apple Rust,Apple,Gymnosporangium juniperi-virginianae,Remove nearby juniper/cedar trees (primary host),Neem oil 5ml/L spray,Sulfur dust application,Bordeaux mixture 1%,Myclobutanil 10WP @ 1g/L (TNAU),Triadimefon 25WP @ 1g/L,Mancozeb 75WP @ 2g/L,Tebuconazole 25EC @ 1ml/L,TNAU Fungicide PDF
Cercospora Leaf Spot / Gray Leaf Spot,Corn (maize),Cercospora zeae-maydis,Trichoderma viride soil application,Neem oil 5ml/L foliar spray,Crop rotation with non-host crops,Remove and compost infected crop debris,Propiconazole 25EC @ 1ml/L (TNAU Fungicide PDF),Azoxystrobin 23SC @ 500ml/ha,Mancozeb 75WP @ 2.5g/L,Carbendazim 50WP @ 1g/L,TNAU Fungicide PDF / ICAR
cerodonta denticornis,Rice / Cereals,Cerodonta denticornis (Agromyzidae leaf miner),Neem oil 5ml/L spray,Yellow sticky traps 10/ha,Remove and destroy mined tillers,NSKE 5% spray,"Imidacloprid, Thiacloprid, Thiamethoxam, Dinotefuran",Thiacloprid 21.7SC @ 0.5ml/L,Thiamethoxam 25WG @ 0.3g/L,Dinotefuran 20SG @ 0.3g/L,TNAU/ICAR
Ceroplastes rubens,Citrus / Mango / Tea,Ceroplastes rubens (Red wax scale - Coccidae),Neem oil 5ml/L spray,Soap water spray 10g/L,NSKE 5% spray,Release Metaphycus parasitoid,"Imidacloprid, Acetamiprid, Buprofezin, Thiamethoxam",Buprofezin 25SC @ 1ml/L,Thiamethoxam 25WG @ 0.3g/L,Chlorpyrifos 20EC @ 2ml/L,TNAU/ICAR
Chlumetia transversa,Mango,Chlumetia transversa (Mango shoot borer),Neem oil 5ml/L spray,NSKE 5% spray,Prune and destroy infested shoots,Light traps 2/ha,"Imidacloprid, Chlorpyrifos, Cypermethrin, Acetamiprid",Chlorpyrifos 20EC @ 2ml/L,Cypermethrin 25EC @ 1ml/L,Acetamiprid 20SP @ 0.5g/L,TNAU/ICAR Mango IPM
Chrysomphalus aonidum,Citrus / Mango,Chrysomphalus aonidum (Florida red scale - Diaspididae),Neem oil 5ml/L spray,Soap water spray 10g/L,NSKE 5% spray,Release Aphytis parasitoid,"Imidacloprid, Abamectin, Acetamiprid, Buprofezin",Abamectin 1.8EC @ 0.5ml/L,Acetamiprid 20SP @ 0.5g/L,Buprofezin 25SC @ 1ml/L,TNAU/ICAR
Cicadella viridis,Rice / Grasses / Vegetables,Cicadella viridis (Green leafhopper - Cicadellidae),Neem oil 5ml/L spray,Yellow sticky traps 10/ha,NSKE 5% spray,Remove weed hosts,"Imidacloprid, Thiacloprid, Dinotefuran, Thiamethoxam",Thiacloprid 21.7SC @ 0.5ml/L,Dinotefuran 20SG @ 0.3g/L,Thiamethoxam 25WG @ 0.3g/L,TNAU/ICAR
Cicadellidae,Rice / Grapes / Vegetables,Cicadellidae family (Leafhoppers - general),Neem oil 5ml/L spray,Yellow sticky traps 10/ha,NSKE 5% spray,Remove weed hosts,"Imidacloprid, Thiacloprid, Dinotefuran, Thiamethoxam",Thiacloprid 21.7SC @ 0.5ml/L,Dinotefuran 20SG @ 0.3g/L,Thiamethoxam 25WG @ 0.3g/L,TNAU/ICAR
Colomerus vitis,Grape,Colomerus vitis (Grape bud mite - Eriophyidae),Sulfur dust 25kg/ha,Wettable sulfur 80WP @ 3g/L,Neem oil 5ml/L spray,Release predatory mites,"Bifenazate, Fenpyroximate, Abamectin, Hexythiazox",Fenpyroximate 5EC @ 1ml/L,Abamectin 1.8EC @ 0.5ml/L,Hexythiazox 5EC @ 1ml/L,TNAU/ICAR Grape IPM
Common Rust,Corn (maize),Puccinia sorghi,Neem oil 5ml/L spray,Silicon foliar spray,Crop rotation with legumes,Trichoderma soil drench,Mancozeb 75WP @ 2.5g/L (TNAU),Propiconazole 25EC @ 1ml/L,Azoxystrobin 23SC @ 0.025%,Triadimefon 25WP @ 1g/L,TNAU/ICAR
corn borer,Maize / Sorghum,Chilo partellus / Ostrinia nubilalis (Pyralidae),Trichogramma release 50000/ha,BT 1kg/ha spray,Neem oil 5ml/L,Pheromone traps 10/ha,"Chlorpyrifos, Emamectin benzoate, Lambda-cyhalothrin, Spinosad",Emamectin benzoate 5SG @ 0.4g/L,Lambda-cyhalothrin 5EC @ 1ml/L,Spinosad 45SC @ 0.5ml/L,TNAU/ICAR
corn earworm,Maize / Tomato,Helicoverpa zea (Noctuidae),BT spray 1kg/ha,Trichogramma release 50000/ha,Pheromone traps 10/ha,Neem oil 5ml/L,"Bacillus thuringiensis, Carbaryl, Cypermethrin",Carbaryl 50WP @ 2g/L,Cypermethrin 25EC @ 1ml/L,Emamectin benzoate 5SG @ 0.4g/L,TNAU/ICAR
Cutting Weevil,Mango,Sternochetus mangiferae,Neem oil 5ml/L spray,Neem seed kernel extract (NSKE 5%) spray,Sticky barrier bands on tree trunks,Methyl eugenol pheromone traps 12-25/ha (ICAR-IIHR),Chlorpyrifos 20EC @ 2ml/L (TNAU crop list),Quinalphos 25EC @ 2ml/L,Imidacloprid 17.8SL @ 0.5ml/L,Dimethoate 30EC @ 2ml/L,TNAU Crop Pesticide List PDF / ICAR-IIHR
cutworm,Vegetables / Maize / Wheat,Agrotis spp. (Noctuidae),BT soil drench 1kg/ha,Neem cake 250kg/ha soil application,Light traps 2/ha,Deep summer ploughing,"Chlorpyrifos, Diazinon, Methomyl",Diazinon 50EC @ 2ml/L soil drench,Methomyl 40SP @ 1g/L,Chlorpyrifos 20EC @ 3ml/L soil drench,TNAU/ICAR
Dacus dorsalis(Hendel),Mango / Citrus / Guava,Bactrocera dorsalis (Oriental fruit fly - Tephritidae),Methyl eugenol pheromone traps 25/ha,Protein bait traps,Collect and destroy fallen fruits,Neem oil 5ml/L spray,"Malathion, Diazinon, Fenthion",Diazinon 50EC @ 2ml/L bait spray,Fenthion 50EC @ 2ml/L,Spinosad 45SC @ 0.5ml/L bait,TNAU/ICAR-IIHR Mango IPM
Dasineura sp,Multiple crops / Legumes,Dasineura sp. (Cecidomyiidae - gall midge),Neem oil 5ml/L spray,NSKE 5% spray,Prune and destroy galled plant parts,Light traps 2/ha,"Imidacloprid, Acephate, Chlorpyrifos",Imidacloprid 17.8SL @ 0.5ml/L,Acephate 75SP @ 1g/L,Chlorpyrifos 20EC @ 2ml/L,TNAU/ICAR
Deporaus marginatus Pascoe,Mango,Deporaus marginatus (Mango leaf webber - Attelabidae),Neem oil 5ml/L spray,NSKE 5% spray,Collect and destroy rolled leaves,Hand picking of adults,"Carbaryl, Chlorpyrifos, Imidacloprid",Carbaryl 50WP @ 2g/L,Chlorpyrifos 20EC @ 2ml/L,Imidacloprid 17.8SL @ 0.5ml/L,TNAU/ICAR Mango IPM
Die Back,Mango,Lasiodiplodia theobromae (Botryodiplodia),Bordeaux paste on pruning cuts,Neem oil 5ml/L spray,Prune 15cm below infected tissue; sterilize tools,Trichoderma viride wound dressing,Copper oxychloride 50WP @ 3g/L (TNAU),Carbendazim 50WP @ 1g/L,Thiophanate-methyl 70WP @ 1g/L,Copper hydroxide 77WP @ 2g/L (TNAU Fungicide),TNAU/ICAR
Downy Mildew,Pumpkin,Pseudoperonospora cubensis,Neem oil 5ml/L spray,Bordeaux mixture 1%,Baking soda spray 5g/L + soap,Trichoderma viride soil drench,Metalaxyl + Mancozeb 72WP @ 2.5g/L (Ridomil Gold),Cymoxanil 8%+Mancozeb 64% @ 2.5g/L,Fosetyl-Al 80WP @ 2.5g/L,Dimethomorph 50WP @ 1g/L,TNAU Fungicide PDF (Ridomil Gold data)
Early Blight,Potato,Alternaria solani,Neem oil 5ml/L spray,Bordeaux mixture 1%,Remove lower infected leaves,Trichoderma viride seed treatment,Mancozeb 75WP @ 1.25g/L (TNAU Fungicide PDF: 1250g/ha 1000L water),Captan 50WP @ 1.25kg/ha (TNAU),Chlorothalonil 75WP @ 0.875-1.25g/L (TNAU Fungicide PDF),Copper oxychloride 50WP @ 1.25g/L (TNAU Fungicide PDF),TNAU Fungicide Registration PDF
Early Blight,Tomato,Alternaria solani / A. alternata,Pseudomonas fluorescens + Trichoderma harzianum seed treatment @ 15-20g/kg (ICAR-NCIPM 2023),Bordeaux mixture 1% spray,Neem oil 5ml/L,Trichoderma viride FYM enriched @ 2kg/t,Mancozeb 75WP @ 2.5g/L (TNAU/ICAR-NCIPM),Captan 75WP @ 1.25g/L (TNAU Fungicide PDF),Azoxystrobin 23SC @ 500ml/ha (TNAU Fungicide PDF),Chlorothalonil 75WP @ 2g/L,ICAR-NCIPM 2023 / TNAU Fungicide PDF
english grain aphid,Wheat / Barley / Oat,Sitobion avenae (Aphididae),Neem oil 5ml/L spray,NSKE 5% spray,Release ladybird beetles,Soap water spray 10g/L,"Imidacloprid, Lambda-cyhalothrin, Pyrethroids",Lambda-cyhalothrin 5EC @ 1ml/L,Pyrethroids (Cypermethrin 25EC) @ 1ml/L,Dimethoate 30EC @ 2ml/L,TNAU/ICAR
Erythroneura apicalis,Grape / Vine,Erythroneura apicalis (Grape leafhopper - Cicadellidae),Neem oil 5ml/L spray,NSKE 5% spray,Yellow sticky traps 10/ha,Remove weed hosts,"Carbaryl, Diazinon, Malathion",Carbaryl 50WP @ 2g/L,Diazinon 50EC @ 2ml/L,Malathion 50EC @ 2ml/L,TNAU/ICAR Grape IPM
Esca (Black Measles),Grape,Phaeomoniella chlamydospora + Phaeoacremonium spp.,Trichoderma soil drench (ICAR),Bordeaux mixture 1% wound treatment,Pruning infected wood; paint cuts with copper paste,Wood ash + lime paste on pruning wounds,Tebuconazole 25EC @ 1ml/L (TNAU),Thiophanate-methyl 70WP @ 1g/L,Flusilazole 40EC @ 0.5ml/L,Carbendazim 50WP @ 300g/ha (TNAU Fungicide PDF),TNAU Fungicide PDF / ICAR
fall armyworm,Maize / Sorghum / Rice,Spodoptera frugiperda (Noctuidae),BT (Bacillus thuringiensis var. kurstaki) 1kg/ha,Spinosad 45SC is key biopesticide,Pheromone traps 10-12/ha,Trichogramma release 50000/ha,"Bacillus thuringiensis, Chlorantraniliprole, Spinosad",Chlorantraniliprole 18.5SC @ 0.3ml/L,Emamectin benzoate 5SG @ 0.4g/L,Spinetoram 11.7SC @ 0.5ml/L,ICAR-NCIPM FAW Management
Field Cricket,Multiple crops / Vegetable gardens,Gryllus spp. (Gryllidae),Neem oil soil drench,Deep ploughing,Light traps 2/ha,Remove crop debris,"Carbaryl, Permethrin, Cyfluthrin",Carbaryl 50WP @ 2g/L,Permethrin 25EC @ 1ml/L,Cyfluthrin 25WP @ 1g/L,TNAU/ICAR
flax budworm,Flax / Linseed,Heliothis ononis (Noctuidae),BT spray 1kg/ha,Neem oil 5ml/L,Pheromone traps 10/ha,Light traps 2/ha,"Chlorpyrifos, Methomyl, Pyrethroids",Methomyl 40SP @ 1g/L,Pyrethroids (Cypermethrin 25EC) @ 1ml/L,Chlorpyrifos 20EC @ 2ml/L,TNAU/ICAR
flea beetle,Vegetables / Crucifers / Brinjal,Phyllotreta striolata / Longitarsus spp. (Chrysomelidae),Neem oil 5ml/L spray,NSKE 5% spray,Row covers in nursery,Sticky yellow traps,"Imidacloprid, Thiamethoxam, Pyrethroids",Thiamethoxam 25WG @ 0.3g/L,Pyrethroids (Cypermethrin) @ 1ml/L,Chlorpyrifos 20EC @ 2ml/L,TNAU/ICAR
Fruit piercing moth,Citrus / Mango / Grape,Othreis fullonia / Eudocima materna (Noctuidae),Neem oil 5ml/L spray,Light traps 2/ha,Net bags over fruit clusters,Collect and destroy damaged fruits,"Carbaryl, Malathion, Pyrethroids",Malathion 50EC @ 2ml/L,Pyrethroids (Cypermethrin) @ 1ml/L,Carbaryl 50WP @ 2g/L,TNAU/ICAR Citrus IPM
Gall fly,Multiple crops / Cereals,Various Cecidomyiidae / Tephritidae,Neem oil 5ml/L spray,NSKE 5% spray,Prune and destroy galled parts,Light traps 2/ha,"Chlorpyrifos, Malathion, Methomyl",Chlorpyrifos 20EC @ 2ml/L,Malathion 50EC @ 2ml/L,Methomyl 40SP @ 1g/L,TNAU/ICAR
Gall Midge,Mango,Eryophyes mangiferae,Neem oil 5ml/L spray,Yellow sticky traps (ICAR recommendation),Prune and burn gall-infested shoots,Neem seed kernel extract 5% (NSKE),Dimethoate 30EC @ 2ml/L (TNAU crop list),Imidacloprid 17.8SL @ 0.5ml/L,Carbaryl 50WP @ 2g/L,Quinalphos 25EC @ 2ml/L (TNAU),TNAU Crop Pesticide List PDF
grain spreader thrips,Wheat / Rice / Cereals,Stenothrips graminum (Thripidae),Neem oil 5ml/L spray,NSKE 5% spray,Blue sticky traps 10/ha,Reflective mulch,"Acephate, Imidacloprid, Thiamethoxam",Thiamethoxam 25WG @ 0.3g/L,Imidacloprid 17.8SL @ 0.5ml/L,Spinosad 45SC @ 0.5ml/L,TNAU/ICAR
grasshopper,Multiple crops,Melanoplus spp. / Schistocerca gregaria (Acrididae),Neem oil 5ml/L spray,NSKE 5% spray,Light traps,Deep ploughing to destroy egg pods,"Carbaryl, Malathion, Pyrethroids",Malathion 50EC @ 2ml/L,Pyrethroids (Cypermethrin) @ 1ml/L,Carbaryl 50WP @ 2g/L,TNAU/ICAR
green bug,Wheat / Sorghum / Cereals,Schizaphis graminum (Aphididae),Neem oil 5ml/L spray,NSKE 5% spray,Release ladybird beetles,Soap water spray,"Carbaryl, Malathion, Pyrethroids",Malathion 50EC @ 2ml/L,Pyrethroids (Cypermethrin) @ 1ml/L,Dimethoate 30EC @ 2ml/L,TNAU/ICAR
grub,Sugarcane / Groundnut / Multiple,Holotrichia spp. / Leucopholis spp. (Scarabaeidae white grub),Neem cake 250kg/ha soil application,Entomopathogenic nematodes (Steinernema) 1 billion/ha,Deep summer ploughing,Light traps for adult beetles,"Chlorpyrifos, Imidacloprid, Thiamethoxam",Chlorpyrifos 20EC @ 5L/ha soil drench,Imidacloprid 17.8SL @ 0.5ml/L,Thiamethoxam 25WG seed treatment @ 3g/kg,TNAU/ICAR
Haunglongbing / Citrus Greening,Orange,Candidatus Liberibacter asiaticus (vector: Diaphorina citri psyllid),Neem oil 5ml/L to control psyllid vector,Mineral oil spray for psyllid,Remove infected trees (no cure exists),Reflective mulch to repel psyllid,Imidacloprid 17.8SL @ 0.5ml/L for psyllid control (TNAU),Thiamethoxam 25WG @ 0.3g/L,Dimethoate 30EC @ 2ml/L (TNAU crop list),Chlorpyrifos 20EC @ 2ml/L,TNAU Crop Pesticide List / ICAR
Hispa,Rice,Dicladispa armigera,Neem oil 5ml/L spray (TNAU Organic Farm),Clip and destroy affected leaf tips,Light traps for adult management (ICAR),NSKE 5% spray,Chlorpyrifos 20EC @ 2ml/L (TNAU crop list),Quinalphos 25EC @ 2ml/L,Imidacloprid 17.8SL @ 0.5ml/L,Dimethoate 30EC @ 2ml/L,TNAU Org Farm Pesticide Management
Icerya purchasi Maskell,Citrus / Acacia / Multiple,Icerya purchasi (Cottony cushion scale - Margarodidae),Neem oil 5ml/L spray,Soap water spray 10g/L,Release Rodolia cardinalis predator,NSKE 5% spray,"Imidacloprid, Dinotefuran, Acetamiprid",Imidacloprid 17.8SL @ 0.5ml/L,Dinotefuran 20SG @ 0.3g/L,Acetamiprid 20SP @ 0.5g/L,TNAU/ICAR
Indigo caterpillar,Indigo / Legumes,Spodoptera litura / Catopsilia spp. (Lepidoptera),BT spray 1kg/ha,NPV spray 250LE/ha,Hand picking of egg masses,Neem oil 5ml/L,"Carbaryl, Imidacloprid, Acephate",Carbaryl 50WP @ 2g/L,Imidacloprid 17.8SL @ 0.5ml/L,Acephate 75SP @ 1g/L,TNAU/ICAR
Jute aphid,Jute,Aphis gossypii (Aphididae),Neem oil 5ml/L spray,NSKE 5% spray,Release ladybird beetles,Soap water spray,"Thiamethoxam, Imidacloprid, Clothianidin",Imidacloprid 17.8SL @ 0.5ml/L,Clothianidin 50WDG @ 0.3g/L,Dimethoate 30EC @ 2ml/L,ICAR-CRIJAF Jute IPM
Jute hairy,Jute,Spilosoma obliqua (Arctiidae - hairy caterpillar),BT spray 1kg/ha,Light traps 2/ha,Hand picking of egg masses and larvae,Neem oil 5ml/L,"Imidacloprid, Chlorpyrifos, Lambda-cyhalothrin",Chlorpyrifos 20EC @ 2ml/L,Lambda-cyhalothrin 5EC @ 1ml/L,Carbaryl 50WP @ 2g/L,ICAR-CRIJAF Jute IPM
Jute red mite,Jute,Tetranychus urticae / T. cinnabarinus (Tetranychidae),Neem oil 5ml/L spray,Sulfur dust 25kg/ha,Wettable sulfur 80WP @ 3g/L,Release predatory mites,"Bifenthrin, Spiromesifen, Fenpropathrin",Spiromesifen 22.9SC @ 0.5ml/L,Fenpropathrin 30EC @ 1ml/L,Bifenthrin 10EC @ 1ml/L,ICAR-CRIJAF Jute IPM
Jute semilooper,Jute,Anomis sabulifera (Noctuidae),BT spray 1kg/ha,Light traps 2/ha,Hand picking,Neem oil 5ml/L,"Chlorpyrifos, Emamectin benzoate, Indoxacarb",Emamectin benzoate 5SG @ 0.4g/L,Indoxacarb 14.5SC @ 1ml/L,Chlorpyrifos 20EC @ 2ml/L,ICAR-CRIJAF Jute IPM
Jute stem girdler,Jute,Nupserha bicolor (Cerambycidae),Neem oil 5ml/L spray,Remove and burn girdled stems,NSKE 5% spray,Light traps 2/ha,"Chlorpyrifos, Carbofuran, Phorate",Carbofuran 3G @ 33kg/ha soil,Chlorpyrifos 20EC @ 2ml/L,Phorate 10G @ 10kg/ha soil,ICAR-CRIJAF Jute IPM
Jute Stem Weevil,Jute,Apion corchori (Curculionidae),Neem oil 5ml/L spray,NSKE 5% spray,Deep ploughing after harvest,Remove and destroy infested stems,"Carbaryl, Chlorpyrifos, Lambda-cyhalothrin",Carbaryl 50WP @ 2g/L,Chlorpyrifos 20EC @ 2ml/L,Lambda-cyhalothrin 5EC @ 1ml/L,ICAR-CRIJAF Jute IPM
Jute stick insect,Jute,Carausius morosus / Lonchodes spp. (Phasmatidae),Hand picking of insects,Neem oil 5ml/L spray,Light traps 2/ha,Remove and destroy egg masses,"Imidacloprid, Thiamethoxam, Chlorpyrifos",Imidacloprid 17.8SL @ 0.5ml/L,Thiamethoxam 25WG @ 0.3g/L,Chlorpyrifos 20EC @ 2ml/L,ICAR-CRIJAF Jute IPM
large cutworm,Vegetables / Maize,Agrotis tokionis / A. segetum (Noctuidae),BT soil drench 1kg/ha,Neem cake 250kg/ha soil application,Light traps 2/ha,Deep summer ploughing,"Bacillus thuringiensis, Chlorpyrifos, Lambda-cyhalothrin",Chlorpyrifos 20EC @ 3ml/L soil drench,Lambda-cyhalothrin 5EC @ 1ml/L,Carbaryl 50WP @ 2g/L,TNAU/ICAR
Late Blight,Tomato,Phytophthora infestans,Copper Bordeaux mixture 1%,Pseudomonas fluorescens + Trichoderma (ICAR-NCIPM 2023),Neem oil 5ml/L spray,Copper sulfate 2.62SC @ 1L/500L (TNAU Fungicide PDF),Metalaxyl + Mancozeb 72WP @ 2.5g/L (TNAU Fungicide PDF),Chlorothalonil 75WP @ 2g/L,Azoxystrobin 23SC @ 500ml/ha (TNAU Fungicide PDF),Cymoxanil + Mancozeb 72WP @ 2.5g/L,TNAU Fungicide PDF / ICAR-NCIPM 2023
Late Blight,Potato,Phytophthora infestans,Copper Bordeaux mixture 1%,Neem oil 5ml/L spray,Remove and destroy infected plants,Avoid overhead irrigation,Metalaxyl + Mancozeb 72WP @ 2.5g/L (Ridomil Gold - TNAU),Cymoxanil + Mancozeb 72WP @ 2.5g/L,Chlorothalonil 75WP @ 0.875g/L (TNAU Fungicide PDF),Dimethomorph 50WP @ 1g/L,TNAU Fungicide Registration PDF
Lawana imitata Melichar,Sugarcane / Grasses,Lawana imitata (Flatid planthopper),Neem oil 5ml/L spray,NSKE 5% spray,Remove weed hosts,Yellow sticky traps 10/ha,"Imidacloprid, Buprofezin, Thiamethoxam",Buprofezin 25SC @ 1ml/L,Thiamethoxam 25WG @ 0.3g/L,Imidacloprid 17.8SL @ 0.5ml/L,TNAU/ICAR
Leaf beetle,Vegetables / Potato / Crucifers,Chrysomelidae spp. (various leaf beetles),Neem oil 5ml/L spray,NSKE 5% spray,Hand picking of adults,Neem cake soil application 250kg/ha,"Chlorpyrifos, Imidacloprid, Acephate",Chlorpyrifos 20EC @ 2ml/L,Imidacloprid 17.8SL @ 0.5ml/L,Acephate 75SP @ 1g/L,TNAU/ICAR
Leaf Blight / Isariopsis Leaf Spot,Grape,Isariopsis clavispora / Pseudocercospora vitis,Bordeaux mixture 1%,Neem oil 5ml/L spray,Remove infected leaves; improve air circulation,Copper paste on pruning wounds,Mancozeb 75WP @ 2.5g/L,Carbendazim 50WP @ 300g/ha (TNAU Fungicide PDF: Grape Anthracnose same fungicide),Copper oxychloride 50WP @ 3g/L,Tebuconazole 25EC @ 1ml/L,TNAU Fungicide PDF
Leaf Mold,Tomato,Passalora fulva (Cladosporium fulvum),Neem oil 5ml/L spray,Reduce humidity; improve ventilation,Baking soda 5g/L + soap spray,Trichoderma viride soil drench,Chlorothalonil 75WP @ 2g/L (TNAU),Mancozeb 75WP @ 2.5g/L,Carbendazim 50WP @ 1g/L,Iprodione 50WP @ 1.5g/L,TNAU/ICAR
Leaf Scorch,Strawberry,Diplocarpon earlianum,Neem oil 5ml/L spray,Bordeaux mixture 1%,Remove and destroy infected leaves,Drip irrigation to avoid leaf wetness,Captan 50WP @ 2.5g/L (TNAU Cherry Brown rot same fungicide),Myclobutanil 10WP @ 1g/L,Copper oxychloride 50WP @ 3g/L,Mancozeb 75WP @ 2.5g/L,TNAU Fungicide PDF
LeafBlast,Rice,Pyricularia oryzae (Magnaporthe oryzae),Silicon fertilizer application (ICAR),Pseudomonas fluorescens seed treatment @ 10g/kg (TNAU NBAIM),Trichoderma viride seed treatment,Neem oil 5ml/L spray,Isoprothiolane 40EC @ 750ml/ha (TNAU Fungicide PDF),Azoxystrobin 23SC + Difenoconazole (Amistar Top) — best field combo (PMC 2021),Carbendazim 50WP @ 250-500g/ha (TNAU Fungicide PDF),Fluopyram + Tebuconazole (Nativo) systemic combo (Sci Reports 2020),TNAU Fungicide PDF / PMC 2021 / Sci Reports 2020
legume blister beetle,Legumes / Vegetables,Mylabris pustulata / M. cichorii (Meloidae),Hand picking of adults (wear gloves — cantharidin toxic),Neem oil 5ml/L spray,Light traps 2/ha,NSKE 5% spray,"Carbaryl, Chlorpyrifos, Lambda-cyhalothrin",Carbaryl 50WP @ 2g/L,Chlorpyrifos 20EC @ 2ml/L,Lambda-cyhalothrin 5EC @ 1ml/L,TNAU/ICAR
Limacodidae,Tea / Cocoa / Multiple,Parasa lepida / Thosea spp. (Limacodidae - slug caterpillar),BT spray 1kg/ha,Hand picking (wear gloves — spines irritating),Light traps 2/ha,Neem oil 5ml/L spray,"Bacillus thuringiensis, Chlorpyrifos, Carbaryl",Chlorpyrifos 20EC @ 2ml/L,Carbaryl 50WP @ 2g/L,Emamectin benzoate 5SG @ 0.4g/L,TNAU/ICAR
Locust,Multiple crops - all field crops,Locusta migratoria / Schistocerca gregaria (Acrididae),Neem oil 5ml/L spray (early instar),NSKE 5% spray,Beauveria bassiana 1WP @ 3kg/ha spray,Metarhizium anisopliae biopesticide spray,"Chlorpyrifos, Deltamethrin, Fenitrothion",Chlorpyrifos 20EC @ 2ml/L,Deltamethrin 2.8EC @ 1ml/L,Fenitrothion 50EC @ 2ml/L,FAO Locust Management / ICAR
Locustoidea,Multiple crops,Locustoidea superfamily (Grasshoppers / Locusts),Neem oil 5ml/L spray,Metarhizium anisopliae biopesticide,Light traps,Deep ploughing,"Chlorpyrifos, Deltamethrin, Fenitrothion",Chlorpyrifos 20EC @ 2ml/L,Deltamethrin 2.8EC @ 1ml/L,Fenitrothion 50EC @ 2ml/L,TNAU/ICAR
longlegged spider mite,Multiple crops,Tetranychus ludeni (Tetranychidae),Neem oil 5ml/L spray,Sulfur dust 25kg/ha,Wettable sulfur 80WP @ 3g/L,Release predatory mites (Phytoseiulus),"Abamectin, Bifenazate, Chlorfenapyr",Bifenazate 43SC @ 1ml/L,Chlorfenapyr 10SC @ 1ml/L,Abamectin 1.8EC @ 0.5ml/L,TNAU/ICAR
Lycorma delicatula,Grape / Apple / Hops,Lycorma delicatula (Spotted lanternfly - Fulgoridae),Neem oil 5ml/L spray,Sticky band traps on tree trunks,Destroy egg masses with scraper,Kaolin clay spray,"Dinotefuran, Imidacloprid, Thiamethoxam",Dinotefuran 20SG @ 0.3g/L,Imidacloprid 17.8SL @ 0.5ml/L,Thiamethoxam 25WG @ 0.3g/L,USDA/ICAR
lytta polita,Vegetables / Legumes,Lytta polita (Blister beetle - Meloidae),Hand picking of adults (wear gloves),Neem oil 5ml/L spray,Light traps 2/ha,NSKE 5% spray,"Carbaryl, Diazinon, Malathion",Carbaryl 50WP @ 2g/L,Diazinon 50EC @ 2ml/L,Malathion 50EC @ 2ml/L,TNAU/ICAR
Mango flat beak leafhopper,Mango,Idioscopus clypealis / I. nitidulus (Cicadellidae),Neem oil 5ml/L spray,NSKE 5% spray,Smoke-fumigation during hopper emergence,Remove off-season flowers,"Imidacloprid, Thiamethoxam, Dinotefuran",Thiamethoxam 25WG @ 0.3g/L,Dinotefuran 20SG @ 0.3g/L,Imidacloprid 17.8SL @ 0.5ml/L,TNAU/ICAR Mango IPM
meadow moth,Vegetables / Alfalfa / Cereals,Loxostege sticticalis (Crambidae),BT spray 1kg/ha,Light traps 2/ha,Pheromone traps 10/ha,Neem oil 5ml/L spray,"Bacillus thuringiensis, Chlorpyrifos, Lambda-cyhalothrin",Chlorpyrifos 20EC @ 2ml/L,Lambda-cyhalothrin 5EC @ 1ml/L,Emamectin benzoate 5SG @ 0.4g/L,TNAU/ICAR
Mealybug,Cotton / Grapes / Papaya / Multiple,Phenacoccus solenopsis / Maconellicoccus hirsutus (Pseudococcidae),Neem oil 5ml/L spray,Soap water spray 10g/L,Release Cryptolaemus predator,Beauveria bassiana 1WP @ 3kg/ha,"Imidacloprid, Clothianidin, Thiamethoxam",Clothianidin 50WDG @ 0.3g/L,Thiamethoxam 25WG @ 0.3g/L,Buprofezin 25SC @ 1ml/L,TNAU/ICAR-CICR Cotton IPM
Miridae,Cotton / Tea / Multiple,Miridae family (Plant bugs - general),Neem oil 5ml/L spray,NSKE 5% spray,Remove weed hosts,Yellow sticky traps 10/ha,"Buprofezin, Clothianidin, Imidacloprid",Buprofezin 25SC @ 1ml/L,Clothianidin 50WDG @ 0.3g/L,Imidacloprid 17.8SL @ 0.5ml/L,TNAU/ICAR
mites,Multiple crops,Tetranychus spp. / Panonychus spp. (Tetranychidae),Neem oil 5ml/L spray,Sulfur dust 25kg/ha,Wettable sulfur 80WP @ 3g/L,Release Phytoseiulus predatory mites,"Abamectin, Bifenazate, Chlorfenapyr",Bifenazate 43SC @ 1ml/L,Chlorfenapyr 10SC @ 1ml/L,Abamectin 1.8EC @ 0.5ml/L,TNAU/ICAR
mole cricket,Vegetables / Groundnut / Turf,Gryllotalpa spp. (Gryllotalpidae),Entomopathogenic nematodes soil drench,Deep ploughing in summer,Flood irrigation to bring to surface,Neem cake 250kg/ha soil,"Bifenthrin, Carbaryl, Imidacloprid",Bifenthrin 10EC soil drench,Carbaryl 50WP @ 2g/L soil drench,Imidacloprid 17.8SL soil drench @ 0.5ml/L,TNAU/ICAR
Mosaic,Sugarcane,Sugarcane Mosaic Virus (SCMV — aphid-transmitted),Use virus-free certified setts,Rogue out and burn infected plants,Neem oil 5ml/L to control aphid vector,Mineral oil spray for aphid vector control,Imidacloprid 17.8SL @ 0.5ml/L for aphid vector (TNAU),Thiamethoxam 25WG @ 0.3g/L for aphid control,Dimethoate 30EC @ 2ml/L for aphids,No direct antiviral chemical — vector control only,TNAU Expert System Sugarcane / ICAR
Mosaic Disease,Pumpkin,Cucumber Mosaic Virus / Watermelon Mosaic Virus (whitefly/aphid transmitted),Use virus-free certified seeds,Neem oil 5ml/L for whitefly/aphid vector control (ICAR-IIHR: fipronil+alpha-cyhalothrin+acetamiprid),Reflective silver mulch to repel vectors,Rogue infected plants early,Imidacloprid 17.8SL @ 0.5ml/L for whitefly (TNAU),Thiamethoxam 25WG @ 0.3g/L,Acetamiprid 20SP @ 0.5g/L,No direct antiviral chemical — vector control only,ICAR-IIHR / TNAU
Nipaecoccus vastalor,Citrus / Mango / Cashew,Nipaecoccus vastalor (Mealybug - Pseudococcidae),Neem oil 5ml/L spray,Soap water spray 10g/L,Release Cryptolaemus predator,NSKE 5% spray,"Acetamiprid, Imidacloprid, Dinotefuran",Acetamiprid 20SP @ 0.5g/L,Imidacloprid 17.8SL @ 0.5ml/L,Dinotefuran 20SG @ 0.3g/L,TNAU/ICAR
Northern Leaf Blight,Corn (maize),Setosphaeria turcica (Exserohilum turcicum),Neem oil 5ml/L spray,Trichoderma viride soil drench,Crop rotation with non-host crops,Remove and compost crop debris,Propiconazole 25EC @ 1ml/L,Azoxystrobin 23SC @ 500ml/ha (TNAU),Mancozeb 75WP @ 2.5g/L,Tebuconazole 25EC @ 1ml/L,TNAU Fungicide PDF / ICAR
odontothrips loti,Alfalfa / Legumes,Odontothrips loti (Thripidae),Neem oil 5ml/L spray,Blue sticky traps 10/ha,NSKE 5% spray,Reflective mulch,"Abamectin, Emamectin benzoate, Spinosad",Abamectin 1.8EC @ 0.5ml/L,Emamectin benzoate 5SG @ 0.4g/L,Spinosad 45SC @ 0.5ml/L,TNAU/ICAR
oides decempunctata,Grape / Vegetables,Oides decempunctata (Chrysomelidae - leaf beetle),Neem oil 5ml/L spray,NSKE 5% spray,Hand picking of adults,Light traps 2/ha,"Abamectin, Chlorfenapyr, Pyridaben",Abamectin 1.8EC @ 0.5ml/L,Chlorfenapyr 10SC @ 1ml/L,Pyridaben 20WP @ 1g/L,TNAU/ICAR
paddy stem maggot,Rice,Atherigona oryzae (Muscidae),Neem oil 5ml/L spray,NSKE 5% spray,Yellow sticky traps 10/ha,Proper water management,"Carbofuran, Chlorpyrifos, Diazinon",Carbofuran 3G @ 33kg/ha soil,Chlorpyrifos 20EC @ 2ml/L,Diazinon 50EC @ 2ml/L,TNAU/ICAR Rice IPM
Panonchus citri McGregor,Citrus,Panonychus citri (Citrus red mite - Tetranychidae),Neem oil 5ml/L spray,Sulfur dust 25kg/ha,Wettable sulfur 80WP @ 3g/L,Release predatory mites,"Bifenazate, Spirodiclofen, Pyridaben",Spirodiclofen 24SC @ 0.5ml/L,Pyridaben 20WP @ 1g/L,Bifenazate 43SC @ 1ml/L,TNAU/ICAR Citrus IPM
Papilio xuthus,Citrus,Papilio xuthus (Citrus swallowtail - Papilionidae),BT spray 1kg/ha,Hand picking of larvae and egg masses,Neem oil 5ml/L spray,Release egg parasitoid Trichogramma,"Bacillus thuringiensis, Spinosad, Methomyl",Spinosad 45SC @ 0.5ml/L,Methomyl 40SP @ 1g/L,Carbaryl 50WP @ 2g/L,TNAU/ICAR
parathrene regalis,Mulberry / Silk crops,Parathrene regalis (Sesiidae - clearwing moth),BT spray 1kg/ha,Neem oil 5ml/L spray,Prune and destroy bored branches,Light traps 2/ha,"Bacillus thuringiensis, Chlorpyrifos, Imidacloprid",Chlorpyrifos 20EC @ 2ml/L,Imidacloprid 17.8SL @ 0.5ml/L,Carbaryl 50WP @ 2g/L,TNAU/ICAR
Parlatoria zizyphus Lucus,Citrus,Parlatoria zizyphus (Chaff scale - Diaspididae),Neem oil 5ml/L spray,Soap water spray 10g/L,Release Aphytis / Encarsia parasitoid,NSKE 5% spray,"Chlorpyrifos, Imidacloprid, Spirotetramat",Imidacloprid 17.8SL @ 0.5ml/L,Spirotetramat 15OD @ 1ml/L,Chlorpyrifos 20EC @ 2ml/L,TNAU/ICAR Citrus IPM
peach borer,Peach / Stone fruits,Synanthedon exitiosa (Sesiidae),Neem oil 5ml/L spray,NSKE 5% spray,Pheromone traps 10/ha,Remove and destroy infested bark,"Chlorpyrifos, Imidacloprid, Lambda-cyhalothrin",Chlorpyrifos 20EC @ 2ml/L,Lambda-cyhalothrin 5EC @ 1ml/L,Imidacloprid 17.8SL @ 0.5ml/L,TNAU/ICAR
penthaleus major,Wheat / Clover / Pasture,Penthaleus major (Blue oat mite - Penthaleidae),Neem oil 5ml/L spray,Sulfur dust 25kg/ha,Wettable sulfur 80WP @ 3g/L,Release predatory mites,"Chlorpyrifos, Fenpropathrin, Lambda-cyhalothrin",Fenpropathrin 30EC @ 1ml/L,Lambda-cyhalothrin 5EC @ 1ml/L,Chlorpyrifos 20EC @ 2ml/L,TNAU/ICAR
Phyllocnistis citrella Stainton,Citrus,Phyllocnistis citrella (Citrus leaf miner - Gracillariidae),Neem oil 5ml/L spray,NSKE 5% spray,Remove and destroy mined leaves,Release Sympiesis parasitoid,"Abamectin, Emamectin benzoate, Spinosad",Abamectin 1.8EC @ 0.5ml/L,Emamectin benzoate 5SG @ 0.4g/L,Spinosad 45SC @ 0.5ml/L,TNAU/ICAR Citrus IPM
Phyllocoptes oleiverus ashmead,Citrus,Phyllocoptes oleivorus (Citrus rust mite - Eriophyidae),Sulfur dust 25kg/ha,Wettable sulfur 80WP @ 3g/L,Neem oil 5ml/L spray,Release predatory mites,"Bifenazate, Abamectin, Spiromesifen",Bifenazate 43SC @ 1ml/L,Abamectin 1.8EC @ 0.5ml/L,Spiromesifen 22.9SC @ 0.5ml/L,TNAU/ICAR Citrus IPM
Pieris canidia,Cabbage / Mustard / Crucifers,Pieris canidia (Cabbage white butterfly - Pieridae),BT (Bacillus thuringiensis var. kurstaki) 1kg/ha,Hand picking of egg masses and larvae,Release Apanteles parasitoid,Neem oil 5ml/L spray,"Bacillus thuringiensis, Cypermethrin, Neem oil",Cypermethrin 25EC @ 1ml/L,Carbaryl 50WP @ 2g/L,Emamectin benzoate 5SG @ 0.4g/L,TNAU/ICAR
Pod borer,Chickpea / Pigeonpea / Tomato / Cotton,Helicoverpa armigera / Maruca vitrata (Noctuidae),HaNPV 250LE/ha spray,Trichogramma release 1.5 lakh/ha,BT 1kg/ha spray,Pheromone traps 10-12/ha,"Emamectin benzoate, Indoxacarb, Spinosad",Indoxacarb 14.5SC @ 1ml/L,Spinosad 45SC @ 0.5ml/L,Chlorantraniliprole 18.5SC @ 0.3ml/L,TNAU/ICAR-NCIPM
Polyphagotars onemus latus,Vegetables / Chilli / Tea,Polyphagotarsonemus latus (Broad mite - Tarsonemidae),Neem oil 5ml/L spray,Sulfur dust 25kg/ha,Wettable sulfur 80WP @ 3g/L,Release predatory mites,"Acetamiprid, Bifenazate, Spiromesifen",Acetamiprid 20SP @ 0.5g/L,Bifenazate 43SC @ 1ml/L,Spiromesifen 22.9SC @ 0.5ml/L,TNAU/ICAR
Potosiabre vitarsis,Multiple flowering crops,Protaetia brevitarsis (Scarabaeidae - flower chafer),Hand picking of adults from flowers,Neem oil 5ml/L spray,Light traps 2/ha,Deep ploughing,"Chlorantraniliprole, Emamectin benzoate, Spinosad",Chlorantraniliprole 18.5SC @ 0.3ml/L,Emamectin benzoate 5SG @ 0.4g/L,Spinosad 45SC @ 0.5ml/L,TNAU/ICAR
Powdery Mildew,Cherry (including sour),Podosphaera clandestina,Neem oil 5ml/L spray,Wettable sulfur 80WP @ 3g/L,Baking soda 5g/L + soap,Potassium bicarbonate 5g/L spray,Triadimefon 25WP @ 1g/L (TNAU Fungicide PDF),Hexaconazole 5EC @ 1ml/L,Myclobutanil 10WP @ 1g/L,Dinocap 48EC @ 1ml/L,TNAU Fungicide PDF
Powdery Mildew,Cotton,Leveillula taurica,Neem oil 5ml/L spray,Wettable sulfur 80WP @ 3g/L,Baking soda 5g/L + soap spray,Karanja (Pongamia) oil 5ml/L,Triadimefon 25WP @ 1g/L (TNAU Fungicide PDF),Hexaconazole 5EC @ 1ml/L,Dinocap 48EC @ 1ml/L,Carbendazim 50WP @ 1g/L,TNAU Fungicide PDF
Powdery Mildew,Pumpkin,Podosphaera xanthii,Neem oil 5ml/L spray,Baking soda 5g/L + soap spray,Milk spray 10% (organic),Wettable sulfur 80WP @ 3g/L,Triadimefon 25WP @ 1g/L (TNAU Fungicide PDF),Myclobutanil 10WP @ 1g/L,Hexaconazole 5EC @ 1ml/L,Carbendazim 50WP @ 1g/L (TNAU Cucurbits powdery mildew),TNAU Fungicide PDF
Powdery Mildew,Mango,Oidium mangiferae,Wettable sulfur 80WP @ 3g/L [Saaf/TNAU],Neem oil spray 5ml/L,Pseudomonas fluorescens @ 5ml/L (ICAR-IIHR),Karanja oil spray 5ml/L,Triadimefon 25WP @ 1g/L (TNAU Fungicide PDF),Hexaconazole 5EC @ 1ml/L,Propiconazole 25EC @ 1ml/L,Azoxystrobin 23SC @ 0.025% (TNAU Fungicide PDF: Mango),TNAU Fungicide PDF / ICAR-IIHR
Prodenia litura,Vegetables / Cotton / Tobacco,Spodoptera litura (Noctuidae - tobacco caterpillar),SLNPV 250LE/ha spray,BT 1kg/ha spray,Pheromone traps 10-12/ha,Light traps 2/ha,"Chlorantraniliprole, Emamectin benzoate, Spinosad",Chlorantraniliprole 18.5SC @ 0.3ml/L,Emamectin benzoate 5SG @ 0.4g/L,Spinosad 45SC @ 0.5ml/L,TNAU/ICAR-NCIPM
Pseudococcus comstocki Kuwana,Apple / Pear / Mulberry,Pseudococcus comstocki (Comstock mealybug - Pseudococcidae),Neem oil 5ml/L spray,Soap water spray 10g/L,Release Allotropa parasitoid,NSKE 5% spray,"Acetamiprid, Bifenthrin, Imidacloprid",Acetamiprid 20SP @ 0.5g/L,Bifenthrin 10EC @ 1ml/L,Imidacloprid 17.8SL @ 0.5ml/L,TNAU/ICAR
red spider,Multiple crops,Tetranychus urticae (Two-spotted spider mite - Tetranychidae),Neem oil 5ml/L spray,Sulfur dust 25kg/ha,Wettable sulfur 80WP @ 3g/L,Release Phytoseiulus persimilis predatory mite,"Abamectin, Bifenazate, Spiromesifen",Bifenazate 43SC @ 1ml/L,Spiromesifen 22.9SC @ 0.5ml/L,Abamectin 1.8EC @ 0.5ml/L,TNAU/ICAR
RedRot,Sugarcane,Colletotrichum falcatum (Glomerella tucumanensis),Hot water sett treatment 50°C for 2-3 hrs (ICAR/Springer),Trichoderma viride @ 5g/L soil drench,Pseudomonas fluorescens TDK1+Pf1 soil+foliar (ICAR),Roguing infected plants; use resistant varieties,Azoxystrobin + Propiconazole combo sett treatment — best (LSU APS Journals 2022),Carbendazim 50WP @ 1g/L sett/foliar,Copper oxychloride 50WP @ 3g/L,Azozole (Azoxystrobin+Difenoconazole SC) foliar spray,TNAU Expert System / APS Journals 2022 / ICAR Biopesticide PDF
Rhytidodera bowrinii white,Mulberry / Mango,Rhytidodera bowrinii (Cerambycidae - long-horn borer),Neem oil 5ml/L spray,Prune and destroy infested branches,Inject kerosene or wire into bore holes,Light traps 2/ha,"Acephate, Imidacloprid, Methomyl",Acephate 75SP @ 1g/L,Imidacloprid 17.8SL @ 0.5ml/L,Methomyl 40SP @ 1g/L,TNAU/ICAR
rice gall midge,Rice,Orseolia oryzae (Cecidomyiidae),Neem oil 5ml/L spray,NSKE 5% spray,Light traps 2/ha,Destroy infested tillers (silvershoot),"Cartap hydrochloride, Chlorpyrifos, Fipronil",Cartap hydrochloride 50SP @ 1g/L,Fipronil 5SC @ 1ml/L,Chlorpyrifos 20EC @ 2ml/L,TNAU/ICAR Rice IPM
rice leaf caterpillar,Rice,Marasmia patnalis / Naranga aenescens (Pyralidae),BT spray 1kg/ha,Light traps 2/ha,Pheromone traps 10/ha,Hand picking of larvae,"Cartap hydrochloride, Chlorantraniliprole, Emamectin benzoate",Cartap hydrochloride 50SP @ 1g/L,Chlorantraniliprole 18.5SC @ 0.3ml/L,Emamectin benzoate 5SG @ 0.4g/L,TNAU/ICAR Rice IPM
rice leaf roller,Rice,Cnaphalocrocis medinalis (Pyralidae),Trichogramma release 50000/ha,BT 1kg/ha spray,Light traps 2/ha,NSKE 5% spray,"Chlorpyrifos, Cypermethrin, Indoxacarb",Cypermethrin 25EC @ 1ml/L,Indoxacarb 14.5SC @ 1ml/L,Chlorpyrifos 20EC @ 2ml/L,TNAU/ICAR Rice IPM
rice leafhopper,Rice,Nephotettix virescens / N. nigropictus (Cicadellidae),Neem oil 5ml/L spray,Yellow sticky traps 10/ha,NSKE 5% spray,Maintain proper water management,"Imidacloprid, Thiamethoxam, Chlorpyrifos",Thiamethoxam 25WG @ 0.3g/L,Chlorpyrifos 20EC @ 2ml/L,Imidacloprid 17.8SL @ 0.5ml/L,TNAU/ICAR Rice IPM
rice shell pest,Rice,Lissorhoptrus oryzophilus / Chaetocnema spp.,Neem oil 5ml/L spray,NSKE 5% spray,Proper water management,Remove weeds,"Cartap, Methomyl, Carbaryl",Cartap hydrochloride 50SP @ 1g/L,Methomyl 40SP @ 1g/L,Carbaryl 50WP @ 2g/L,TNAU/ICAR Rice IPM
Rice Stemfly,Rice,Atherigona oryzae (Muscidae) / Melanagromyza sp.,Neem oil 5ml/L spray,NSKE 5% spray,Remove deadheart tillers,Yellow sticky traps 10/ha,"Neonicotinoids, Fipronil, Imidacloprid",Fipronil 5SC @ 1ml/L,Imidacloprid 17.8SL @ 0.5ml/L,Carbofuran 3G @ 33kg/ha soil,TNAU/ICAR Rice IPM
rice water weevil,Rice,Lissorhoptrus oryzophilus (Curculionidae),Neem oil 5ml/L spray,Drain field to reduce egg-laying,NSKE 5% spray,Neem cake 250kg/ha soil,"Carbofuran, Chlorpyrifos, Imidacloprid",Carbofuran 3G @ 33kg/ha soil,Chlorpyrifos 20EC @ 2ml/L,Imidacloprid 17.8SL @ 0.5ml/L seed treatment,TNAU/ICAR Rice IPM
Rust,Sugarcane,Puccinia melanocephala / Puccinia kuehnii,Neem oil 5ml/L spray,Silicon fertilizer application (ICAR),Use resistant varieties,Roguing heavily infected plants,Propiconazole 25EC @ 1ml/L (TNAU Fungicide PDF),Mancozeb 75WP @ 2.5g/L,Triadimefon 25WP @ 1g/L,Tebuconazole 25EC @ 1ml/L,TNAU Fungicide PDF / ICAR
Salurnis marginella Guerr,Sugarcane / Grasses,Salurnis marginella (Flatid planthopper),Neem oil 5ml/L spray,NSKE 5% spray,Remove weed hosts,Yellow sticky traps,"Methomyl, Chlorpyrifos, Carbaryl",Methomyl 40SP @ 1g/L,Chlorpyrifos 20EC @ 2ml/L,Carbaryl 50WP @ 2g/L,TNAU/ICAR
sawfly,Wheat / Rose / Pine / Vegetables,Various Tenthredinidae (Hymenoptera),Neem oil 5ml/L spray,NSKE 5% spray,Hand picking of larvae,Light traps 2/ha,"Malathion, Carbaryl, Cypermethrin",Malathion 50EC @ 2ml/L,Carbaryl 50WP @ 2g/L,Cypermethrin 25EC @ 1ml/L,TNAU/ICAR
Scirtothrips dorsalis Hood,Chilli / Mango / Tea / Grapes,Scirtothrips dorsalis (Chilli thrips - Thripidae),Neem oil 5ml/L spray,Blue sticky traps 10/ha,NSKE 5% spray,Reflective silver mulch,"Spinosad, Abamectin, Imidacloprid",Abamectin 1.8EC @ 0.5ml/L,Imidacloprid 17.8SL @ 0.5ml/L,Spinosad 45SC @ 0.5ml/L,TNAU/ICAR-IIHR Chilli IPM
Septoria Leaf Spot,Tomato,Septoria lycopersici,Pseudomonas fluorescens + Trichoderma harzianum seedling dip (ICAR-NCIPM 2023),Copper Bordeaux mixture 1%,Remove lower infected leaves,Neem oil 5ml/L spray,Mancozeb 75WP @ 2.5g/L (ICAR-NCIPM; TNAU),Chlorothalonil 75WP @ 2g/L (Daconil — controls 65+ fungal diseases),Copper oxychloride 50WP @ 3g/L (TNAU Fungicide PDF Tomato),Azoxystrobin 23SC @ 500ml/ha,ICAR-NCIPM 2023 / TNAU Fungicide PDF
sericaorient alismots chulsky,Maize / Multiple crops,Serica orientalis (Scarabaeidae - chafer grub),Neem cake 250kg/ha soil,Entomopathogenic nematodes soil drench,Deep ploughing in summer,Light traps for adults,"Thiamethoxam, Clothianidin, Imidacloprid",Clothianidin 50WDG @ 3g/kg seed treatment,Imidacloprid 17.8SL soil drench,Thiamethoxam 25WG @ 3g/kg seed treatment,TNAU/ICAR
small brown plant hopper,Rice,Laodelphax striatellus (Delphacidae),Neem oil 5ml/L spray,NSKE 5% spray,Yellow sticky traps 10/ha,Proper water management,"Imidacloprid, Chlorpyrifos, Acephate",Imidacloprid 17.8SL @ 0.5ml/L,Chlorpyrifos 20EC @ 2ml/L,Acephate 75SP @ 1g/L,TNAU/ICAR Rice IPM
Sooty Mould,Mango,Capnodium mangiferae (secondary — on honeydew),Neem oil 5ml/L spray to kill scale/aphid source insects,Starch + soap spray to physically remove mould,Beauveria bassiana for mealybug (ICAR-IIHR),Wash leaves with soap water,Imidacloprid 17.8SL @ 0.5ml/L for scale/mealybug source insects,Thiamethoxam 25WG @ 0.3g/L,Copper oxychloride 50WP @ 3g/L (TNAU),Carbendazim 50WP @ 1g/L,TNAU/ICAR-IIHR
Spider Mites / Two-Spotted Spider Mite,Tomato,Tetranychus urticae,Neem oil 5ml/L — ICAR-IIHR: spray lower leaf surface,Neem soap 1% or neem oil 1% (ICAR-IIHR IPM),Release predatory mites Phytoseiulus persimilis,Garlic + chilli spray 5ml/L,Dicofol 18.5EC @ 1.5ml/L (ICAR-IIHR: for red spider mite on tomato),Ethion 50EC @ 1.5ml/L (ICAR-IIHR),Sulphur 80WP @ 3g/L,Abamectin 1.8EC @ 0.5ml/L; Spiromesifen 22.9SC 400ml/ha (TNAU: Red Spider Mite Brinjal),ICAR-IIHR IPM Practices / TNAU Crop Pesticide PDF
Spilosoma Obliqua,Jute / Cotton / Vegetables,Spilosoma obliqua (Bihar hairy caterpillar - Arctiidae),BT spray 1kg/ha,Light traps 2/ha,Hand picking of egg masses,Neem oil 5ml/L,"Bacillus thuringiensis, Cypermethrin, Chlorantraniliprole",Cypermethrin 25EC @ 1ml/L,Chlorantraniliprole 18.5SC @ 0.3ml/L,Carbaryl 50WP @ 2g/L,TNAU/ICAR
stem borer,Rice / Sugarcane / Maize,Scirpophaga incertulas / Chilo partellus (Pyralidae),Trichogramma egg parasitoid release 50000/ha,BT 1kg/ha spray,Light traps 2/ha,Pheromone traps 10/ha,"Neonicotinoids, Pyrethroids, Chlorantraniliprole",Pyrethroids (Cypermethrin) @ 1ml/L,Chlorantraniliprole 18.5SC @ 0.3ml/L,Carbofuran 3G @ 33kg/ha soil,TNAU/ICAR Rice/Sugarcane IPM
Sternochetus frigidus,Mango,Sternochetus frigidus (Mango stone weevil - Curculionidae),Neem oil 5ml/L spray,Collect and destroy fallen fruits,Metarhizium anisopliae biopesticide soil drench,NSKE 5% spray,"Chlorpyrifos, Carbaryl, Imidacloprid",Carbaryl 50WP @ 2g/L,Imidacloprid 17.8SL @ 0.5ml/L,Chlorpyrifos 20EC @ 2ml/L,TNAU/ICAR Mango IPM
Target Spot,Tomato,Corynespora cassiicola,Pseudomonas fluorescens 5ml/L spray (ICAR),Copper Bordeaux mixture 1%,Remove infected leaves; improve air circulation,Neem oil 5ml/L spray,Mancozeb 75WP @ 2.5g/L (TNAU/ICAR),Chlorothalonil 75WP @ 2g/L,Azoxystrobin 23SC @ 500ml/ha,Captan 75WP @ 1.67g/L (TNAU Fungicide PDF),TNAU/ICAR-NCIPM
Target Spot,Cotton,Corynespora cassiicola,Neem oil 5ml/L spray,Remove and burn infected leaves,Trichoderma viride soil drench,Crop rotation,Mancozeb 75WP @ 2.5g/L,Carbendazim 50WP @ 1g/L (TNAU: Cotton Leaf spot),Azoxystrobin 23SC @ 500ml/ha,Hexaconazole 5EC @ 1ml/L,TNAU Fungicide PDF
tarnished plant bug,Vegetables / Strawberry / Alfalfa,Lygus lineolaris (Miridae),Neem oil 5ml/L spray,NSKE 5% spray,Remove weed hosts,Row covers for young plants,"Imidacloprid, Lambda-cyhalothrin, Methomyl",Lambda-cyhalothrin 5EC @ 1ml/L,Methomyl 40SP @ 1g/L,Imidacloprid 17.8SL @ 0.5ml/L,TNAU/ICAR
Termite,Multiple crops / Sugarcane / Groundnut,Odontotermes spp. / Microtermes spp. (Termitidae),Neem cake 250kg/ha soil application,Entomopathogenic nematodes soil drench,Deep summer ploughing,Remove dead wood and stumps,"Chlorpyrifos, Imidacloprid, Fipronil",Imidacloprid 17.8SL soil drench @ 3ml/L,Fipronil 5SC soil drench @ 2ml/L,Chlorpyrifos 20EC @ 5L/ha soil drench,TNAU/ICAR
Termite odontotermes (Rambur),Sugarcane / Multiple crops,Odontotermes obesus (Rambur) (Termitidae),Neem cake 250kg/ha soil application,Entomopathogenic nematodes soil drench,Deep summer ploughing,Remove dead wood and stumps,"Chlorpyrifos, Imidacloprid, Fipronil",Imidacloprid 17.8SL soil drench @ 3ml/L,Fipronil 5SC soil drench @ 2ml/L,Chlorpyrifos 20EC @ 5L/ha soil drench,TNAU/ICAR Sugarcane IPM
Tetradacus c Bactrocera minax,Citrus,Bactrocera minax (Chinese citrus fly - Tephritidae),Methyl eugenol pheromone traps 25/ha,Protein bait traps,Collect and destroy fallen fruits,Neem oil 5ml/L spray,"Malathion, Spinosad, Imidacloprid",Malathion 50EC bait spray @ 2ml/L,Spinosad 45SC bait @ 0.5ml/L,Imidacloprid 17.8SL @ 0.5ml/L,TNAU/ICAR Citrus IPM
therioaphis maculata Buckton,Alfalfa / Legumes,Therioaphis maculata (Spotted alfalfa aphid - Aphididae),Neem oil 5ml/L spray,NSKE 5% spray,Release ladybird beetles,Soap water spray,"Imidacloprid, Acetamiprid, Thiamethoxam",Imidacloprid 17.8SL @ 0.5ml/L,Acetamiprid 20SP @ 0.5g/L,Thiamethoxam 25WG @ 0.3g/L,TNAU/ICAR
Thrips,Chilli / Onion / Cotton / Multiple,Thrips tabaci / Frankliniella occidentalis (Thripidae),Neem oil 5ml/L spray,Blue sticky traps 10/ha,NSKE 5% spray,Reflective silver mulch,"Spinosad, Abamectin, Imidacloprid",Abamectin 1.8EC @ 0.5ml/L,Imidacloprid 17.8SL @ 0.5ml/L,Spinosad 45SC @ 0.5ml/L,TNAU/ICAR-IIHR
Tomato Mosaic Virus,Tomato,Tomato Mosaic Virus (ToMV) — mechanically/contact transmitted,Remove infected plants immediately,Sterilize tools with bleach between plants,Neem oil 5ml/L for aphid vector,Crop rotation with non-solanaceous crops,Imidacloprid 17.8SL @ 0.3ml/L for aphid vector (ICAR-IIHR IPM),Thiamethoxam 25WG @ 0.3g/L (ICAR-IIHR: seedling spray for vectors),Dimethoate 30EC @ 2ml/L (TNAU) for aphids,No direct antiviral chemical — vector + sanitation only,ICAR-IIHR IPM Practices / TNAU
Tomato Yellow Leaf Curl Virus,Tomato,Tomato Yellow Leaf Curl Virus (TYLCV) — whitefly (Bemisia tabaci) transmitted,Yellow sticky traps @ 10/ha (ICAR-NCIPM 2023),Silver/reflective mulch (ICAR-NCIPM: repels whitefly),Neem oil 5ml/L for whitefly control,Rogue and destroy infected plants,Imidacloprid 200SL @ 0.3ml/L seedling spray (ICAR-IIHR IPM),Thiamethoxam 25WG @ 0.3g/L (ICAR-IIHR: 15 days after transplant),Acetamiprid 20SP @ 0.5g/L for whitefly,Spiromesifen 22.9SC @ 400ml/ha for whitefly (TNAU),ICAR-IIHR IPM Practices / ICAR-NCIPM 2023
Toxoptera aurantii,Citrus / Tea / Cocoa,Toxoptera aurantii (Black citrus aphid - Aphididae),Neem oil 5ml/L spray,NSKE 5% spray,Release ladybird beetles,Soap water spray,"Imidacloprid, Thiamethoxam, Chlorpyrifos",Imidacloprid 17.8SL @ 0.5ml/L,Thiamethoxam 25WG @ 0.3g/L,Chlorpyrifos 20EC @ 2ml/L,TNAU/ICAR
Toxoptera citricidus,Citrus,Toxoptera citricidus (Brown citrus aphid - Aphididae),Neem oil 5ml/L spray,NSKE 5% spray,Release ladybird beetles,Soap water spray,"Imidacloprid, Thiamethoxam, Chlorpyrifos",Imidacloprid 17.8SL @ 0.5ml/L,Thiamethoxam 25WG @ 0.3g/L,Chlorpyrifos 20EC @ 2ml/L,TNAU/ICAR Citrus IPM
Trialeurodes vaporariorum,Tomato / Cucumber / Vegetables (Greenhouse),Trialeurodes vaporariorum (Greenhouse whitefly - Aleyrodidae),Neem oil 5ml/L spray,Yellow sticky traps 10/ha,Release Encarsia formosa parasitoid,NSKE 5% spray,"Neonicotinoids, Pyrethroids, Imidacloprid",Pyrethroids (Cypermethrin) @ 1ml/L,Imidacloprid 17.8SL @ 0.5ml/L,Spiromesifen 22.9SC @ 0.5ml/L,TNAU/ICAR
Unaspis yanonensis,Citrus,Unaspis yanonensis (Arrowhead scale - Diaspididae),Neem oil 5ml/L spray,Soap water spray 10g/L,Release Aphytis yanonensis parasitoid,NSKE 5% spray,"Imidacloprid, Chlorpyrifos, Abamectin",Chlorpyrifos 20EC @ 2ml/L,Abamectin 1.8EC @ 0.5ml/L,Imidacloprid 17.8SL @ 0.5ml/L,TNAU/ICAR
Unknown Disease,General,Unknown,Neem oil 5ml/L spray as broad-spectrum biopesticide,Bordeaux mixture 1% for fungal/bacterial diseases,Remove and burn infected plant material,Consult local Krishi Vigyan Kendra (KVK) for diagnosis,Mancozeb 75WP @ 2.5g/L as broad-spectrum protectant fungicide,Copper oxychloride 50WP @ 3g/L (bacterial/fungal),Carbendazim 50WP @ 1g/L systemic fungicide,Send sample to ICAR Plant Pathology Lab or State Agriculture University,ICAR/KVK
Viteus vitifoliae,Grape,Daktulosphaira vitifoliae (Grape phylloxera - Phylloxeridae),Neem oil 5ml/L spray,Resistant rootstocks (best long-term solution),NSKE 5% spray,Flood irrigation to kill soil-dwelling nymphs,"Pyrethroids, Organophosphates, Neonicotinoids",Pyrethroids (Cypermethrin) @ 1ml/L,Organophosphates (Chlorpyrifos 20EC) @ 2ml/L,Neonicotinoids (Imidacloprid) @ 0.5ml/L,TNAU/ICAR Grape IPM
wheat blossom midge,Wheat,Sitodiplosis mosellana (Cecidomyiidae),Neem oil 5ml/L spray,NSKE 5% spray,Early or late sowing to avoid peak emergence,Light traps 2/ha,"Chlorpyrifos, Imidacloprid, Lambda-cyhalothrin",Imidacloprid 17.8SL @ 0.5ml/L,Lambda-cyhalothrin 5EC @ 1ml/L,Chlorpyrifos 20EC @ 2ml/L,TNAU/ICAR Wheat IPM
wheat phloeothrips,Wheat,Haplothrips tritici (Phlaeothripidae),Neem oil 5ml/L spray,Blue sticky traps 10/ha,NSKE 5% spray,Deep ploughing after harvest,"Imidacloprid, Thiamethoxam, Chlorpyrifos",Imidacloprid 17.8SL @ 0.5ml/L,Thiamethoxam 25WG @ 0.3g/L,Chlorpyrifos 20EC @ 2ml/L,TNAU/ICAR Wheat IPM
wheat sawfly,Wheat,Cephus cinctus / Trachelus tabidus (Cephidae),Neem oil 5ml/L spray,NSKE 5% spray,Crop rotation with non-host crops,Early harvest,"Chlorpyrifos, Acetamiprid, Imidacloprid",Chlorpyrifos 20EC @ 2ml/L,Acetamiprid 20SP @ 0.5g/L,Imidacloprid 17.8SL @ 0.5ml/L,TNAU/ICAR
white backed plant hopper,Rice,Sogatella furcifera (Delphacidae),Neem oil 5ml/L spray,NSKE 5% spray,Drain field to break pest cycle,Release Cyrtorhinus predator,"Imidacloprid, Thiamethoxam, Chlorpyrifos",Imidacloprid 17.8SL @ 0.5ml/L,Thiamethoxam 25WG @ 0.3g/L,Chlorpyrifos 20EC @ 2ml/L,TNAU/ICAR Rice IPM
white margined moth,Multiple crops,Nyctemera lacticinia / Spilarctia obliqua (Arctiidae),BT spray 1kg/ha,Light traps 2/ha,Hand picking of egg masses,Neem oil 5ml/L spray,"Chlorantraniliprole, Spinosad, Bacillus thuringiensis",Chlorantraniliprole 18.5SC @ 0.3ml/L,Spinosad 45SC @ 0.5ml/L,BT (Bacillus thuringiensis) 1kg/ha,TNAU/ICAR
whitefly,Tomato / Cotton / Vegetables,Bemisia tabaci / Trialeurodes vaporariorum (Aleyrodidae),Neem oil 5ml/L spray,Yellow sticky traps 10/ha,Release Encarsia parasitoid,Reflective silver mulch,"Imidacloprid, Thiamethoxam, Pyrethroids",Thiamethoxam 25WG @ 0.3g/L,Pyrethroids (Cypermethrin 25EC) @ 1ml/L,Acetamiprid 20SP @ 0.5g/L,TNAU/ICAR-NCIPM
wireworm,Potato / Maize / Vegetables,Agriotes spp. (Elateridae - click beetle larvae),Neem cake 250kg/ha soil application,Deep ploughing in summer,Entomopathogenic nematodes soil drench,Crop rotation with non-host crops,"Chlorpyrifos, Imidacloprid, Fipronil",Imidacloprid 17.8SL soil drench @ 0.5ml/L,Fipronil 5SC soil drench @ 2ml/L,Chlorpyrifos 20EC @ 5L/ha soil drench,TNAU/ICAR
Xylotrechus,Mulberry / Mango / Timber trees,Xylotrechus quadripes / X. grayii (Cerambycidae),Neem oil 5ml/L spray,Prune and burn infested branches,Inject kerosene into bore holes,Light traps 2/ha,"Methoxyfenozide, Chlorpyrifos, Fipronil",Chlorpyrifos 20EC @ 2ml/L,Fipronil 5SC @ 2ml/L,Imidacloprid 17.8SL @ 0.5ml/L,TNAU/ICAR
yellow cutworm,Vegetables / Cereals,Agrotis segetum (Noctuidae),BT soil drench 1kg/ha,Neem cake 250kg/ha soil,Light traps 2/ha,Deep summer ploughing,"Chlorpyrifos, Methomyl, Carbaryl",Methomyl 40SP @ 1g/L,Carbaryl 50WP @ 2g/L,Chlorpyrifos 20EC @ 3ml/L soil drench,TNAU/ICAR
Yellow Disease,Sugarcane,Sugarcane Yellow Leaf Syndrome Virus (ScYLV) — aphid (Melanaphis sacchari) transmitted,Use virus-free healthy setts from certified source,Remove and burn infected plants immediately,Neem oil 5ml/L for aphid vector control,Rogue heavily infected fields,Imidacloprid 17.8SL @ 0.5ml/L for aphid leafhopper vector (TNAU),Thiamethoxam 25WG @ 0.3g/L for aphid control,Dimethoate 30EC @ 2ml/L (TNAU),No direct antiviral chemical available — vector control only,TNAU Expert System Sugarcane / ICAR
Yellow Mite,Chilli / Tea / Papaya / Vegetables,Polyphagotarsonemus latus (Broad mite / Yellow mite - Tarsonemidae),Neem oil 5ml/L spray,Sulfur dust 25kg/ha,Wettable sulfur 80WP @ 3g/L,Release predatory mites,"Spiromesifen, Abamectin, Fenazaquin",Abamectin 1.8EC @ 0.5ml/L,Fenazaquin 10EC @ 1ml/L,Spiromesifen 22.9SC @ 0.5ml/L,TNAU/ICAR Chilli IPM
yellow rice borer,Rice,Scirpophaga incertulas (Pyralidae - yellow stem borer),Trichogramma egg parasitoid release 50000/ha,BT spray 1kg/ha,Light traps 2/ha,Pheromone traps 10/ha,"Chlorpyrifos, Neonicotinoids, Fipronil",Neonicotinoids (Thiamethoxam 25WG) @ 0.3g/L,Fipronil 5SC @ 1ml/L,Chlorantraniliprole 18.5SC @ 0.3ml/L,TNAU/ICAR Rice IPM
